Id_predicao,Producao
1,150.61786
2,84.21601
3,89.086
4,137.12831
5,149.2377
6,149.27989
7,107.27701
8,89.0291
