Id_predicao,Producao
1,97.45182
2,122.38479
3,156.78687
4,143.39778
5,131.09013
6,87.35212
7,77.13563
8,127.59792
9,155.41022
