Id,Producao
1,7.019537
2,7.0195675
3,7.019538
4,7.019541
5,7.019537
6,7.019537
7,7.019252
8,7.015683
