Id_predicao,Producao
7,122.65979
8,104.41188
